{
  "conditionId": "0x1cf2449dad53485515a44f2d76813500e78202f2c8e951943434794181fcdb03",
  "slug": "will-the-republican-party-win-the-fl-03-house-seat",
  "summary": {
    "ticks": 10059,
    "fills": 2,
    "finalInventory": 0,
    "finalPnlUsdc": -0.655,
    "meanReturn": -0.00006512229071385962,
    "stddev": 0.006203136685014283,
    "sharpe": -7.611074905078074,
    "maxDrawdown": 0.655,
    "hitRate": 0,
    "inventoryTurnover": 20.21587135135135
  }
}
