{
  "conditionId": "0x1fad72fae204143ff1c3035e99e7c0f65ea8d5cd9bd1070987bd1a3316f772be",
  "slug": "new-rhianna-album-before-gta-vi-926",
  "summary": {
    "ticks": 10059,
    "fills": 22,
    "finalInventory": 0,
    "finalPnlUsdc": -25.09,
    "meanReturn": -0.002494531716046928,
    "stddev": 0.07674214543311393,
    "sharpe": -23.565831711485227,
    "maxDrawdown": 25.259999999999998,
    "hitRate": 0.36363636363636365,
    "inventoryTurnover": 36.01516470588236
  }
}
