{
  "conditionId": "0x274cec202608757e62a0cf64ec63a3a814a6cc23a1bff1819b437362c5c16732",
  "slug": "will-lebanon-recognize-israel-by-june-30",
  "summary": {
    "ticks": 10059,
    "fills": 2,
    "finalInventory": 0,
    "finalPnlUsdc": -4.59,
    "meanReturn": -0.00045635315172002386,
    "stddev": 0.0467226779485698,
    "sharpe": -7.081104535785647,
    "maxDrawdown": 4.675,
    "hitRate": 0,
    "inventoryTurnover": 5.924861538461538
  }
}
