{
  "conditionId": "0x6ed39e8c839b02236a0380c125eb496084662185ae1455bebcdc48398e8d47d4",
  "slug": "will-mrbeasts-next-video-get-between-35-and-40-million-views-on-day-1-221",
  "summary": {
    "ticks": 7813,
    "fills": 21,
    "finalInventory": -5,
    "finalPnlUsdc": -26.36499999999999,
    "meanReturn": -0.0033749359959037366,
    "stddev": 0.13018475704022323,
    "sharpe": -18.794599793512404,
    "maxDrawdown": 29.17499999999999,
    "hitRate": 0.2857142857142857,
    "inventoryTurnover": 7.171879079214626
  }
}
