{
  "conditionId": "0xbfec254dca5290bff5ab21006a2fb0a7c5cc6b2edc4dc7bdfa54670bdc869f12",
  "slug": "xrp-above-1pt1-on-may-17",
  "summary": {
    "ticks": 9631,
    "fills": 4,
    "finalInventory": 0,
    "finalPnlUsdc": -9.335,
    "meanReturn": -0.0009693665628245069,
    "stddev": 0.13010671042469035,
    "sharpe": -5.401520354626279,
    "maxDrawdown": 9.5425,
    "hitRate": 0,
    "inventoryTurnover": 2.7448712886209496
  }
}
