{
  "conditionId": "0xbfec254dca5290bff5ab21006a2fb0a7c5cc6b2edc4dc7bdfa54670bdc869f12",
  "slug": "xrp-above-1pt1-on-may-17",
  "summary": {
    "ticks": 9631,
    "fills": 4,
    "finalInventory": 0,
    "finalPnlUsdc": -9.415000000000001,
    "meanReturn": -0.000977673935617861,
    "stddev": 0.1303033391481565,
    "sharpe": -5.439590046648265,
    "maxDrawdown": 9.602500000000001,
    "hitRate": 0,
    "inventoryTurnover": 2.7448712886209496
  }
}
