{
  "conditionId": "0xc9896be732be30635ac8a9be60c454ac688c621967de68c39692c6777755c5c7",
  "slug": "bra2-rec-crb-2026-05-17-crb",
  "summary": {
    "ticks": 10059,
    "fills": 4,
    "finalInventory": 0,
    "finalPnlUsdc": -6.935,
    "meanReturn": -0.0006895008948101013,
    "stddev": 0.050281244721812446,
    "sharpe": -9.941604735824136,
    "maxDrawdown": 7.13,
    "hitRate": 0.25,
    "inventoryTurnover": 51.6494792079208
  }
}
